Date,HDFCBANK.NS,ICICIBANK.NS,INFY.NS,RELIANCE.NS,TCS.NS,^NSEI
2021-02-28,0.10348797153114897,0.11312849162011163,0.01150074608646956,0.1323868808893447,-0.06976072830621882,0.06560887791929848
2021-03-31,-0.02655761167337123,-0.026181554854140532,0.09155828255755272,-0.03964909662112137,0.09796843590661308,0.0111190124917242
2021-04-30,-0.05446387992920221,0.03160973232397257,-0.010014307045215887,-0.004293316737385644,-0.04474729485112483,-0.004057028265849305
2021-05-31,0.07332006172748806,0.10366361365528731,0.029091464631966213,0.08312859230652925,0.040683215776841974,0.06504638890590897
2021-06-30,-0.011841509028580943,-0.04805730001650321,0.1342063130605382,-0.022982904454495023,0.05906655379594761,0.008900852032429851
2021-07-31,-0.04770016161134438,0.08178788015400706,0.018787923997024336,-0.03569987608930969,-0.05329150379679448,0.002642865164742547
2021-08-31,0.10862636513457136,0.053553095667353556,0.05957774055999687,0.10949242910903645,0.19542534516480226,0.08685815441979705
2021-09-30,0.008568310704834436,-0.025311191872617655,-0.018312872275298542,0.11562557505835946,-0.0028786600864423306,0.02836478642760354
2021-10-31,-0.007586429641285752,0.1443961129090776,-0.004447201163457204,0.006748112432072295,-0.1000649028465107,0.003036641123716821
2021-11-30,-0.05641717669721391,-0.1093448208238974,0.026922515013678705,-0.051591979779245345,0.03867262227761015,-0.038957944315163195
2021-12-31,-0.009474087878852733,0.03611681908011932,0.1022392042097704,-0.015485924530928563,0.05927778674789863,0.021836378277336976
2022-01-31,0.004258433590541344,0.06572986796483571,-0.08028078338134026,0.0077908697868569465,-0.0005617712630945348,-0.0008183202904040732
2022-02-28,-0.040014776284392206,-0.058443174821697697,-0.011864978784288827,-0.011334180668608695,-0.04872533926480427,-0.03148523378512036
2022-03-31,0.03092022828111296,-0.016695872102134746,0.1114770358601116,0.11663241982258898,0.05226211314834872,0.03994602765117583
2022-04-30,-0.05831944871888639,0.017800904035733423,-0.17793739995384394,0.0590189512991377,-0.05167181446892011,-0.020738872228345695
2022-05-31,0.0031416839972835398,0.01284809356895722,-0.040796192306584156,-0.05648242962874206,-0.05141394987624326,-0.030287879663418282
2022-06-30,-0.02948266864282978,-0.06063620224384969,-0.027733407720776926,-0.014054235229649992,-0.028906028557416974,-0.048496989267826196
2022-07-31,0.06394655131444726,0.15752256993215963,0.060058776449506635,-0.033209478890123934,0.010651588150747182,0.08732434530504896
2022-08-31,0.03618743981385264,0.08392378970920089,-0.036619992119820366,0.05120644638278993,-0.02748417659044844,0.035029841694228736
2022-09-30,-0.04357041993387456,-0.02851345445850717,-0.05325027804019644,-0.09863711716705348,-0.06433827750141219,-0.03744241848626417
2022-10-31,0.05301296435093339,0.05417634826801776,0.08787015991561264,0.07227417636315381,0.06277141350638682,0.053693157701163896
2022-11-30,0.07466426381086122,0.04864092837379763,0.06327833070785371,0.07128566293202576,0.061898173442875626,0.04142472451938506
2022-12-31,0.012247862128277331,-0.06511706080213353,-0.07752530889960885,-0.06742089992794997,-0.039548217448739154,-0.034813767827347686
2023-01-31,-0.015139897456890372,-0.066172703359061,0.01694075696546249,-0.07590684946699167,0.03132004837083535,-0.024476278852209377
2023-02-28,-0.0024321948325927156,0.02758739091039164,-0.030122217552974728,-0.013297365170236941,-0.013651071599780074,-0.02028072255941904
2023-03-31,0.0062203509590219586,0.026203456809727133,-0.04006594447239087,0.0036597526742900843,-0.032283439382954415,0.003224742545449466
2023-04-30,0.048491767506477323,0.04605303438479624,-0.1226933416175362,0.03837323578715135,0.004164227849562607,0.04062558504586766
2023-05-31,-0.04547878710021447,0.034326812141822094,0.05232492422919588,0.020409010728712706,0.021821852916051876,0.02598396848187101
2023-06-30,0.0562125897510648,-0.015329556396637245,0.013047068599568501,0.03253171009625477,0.003875968992248069,0.035320829205574666
2023-07-31,-0.029505156060800952,0.06815751537666714,0.015125384628884353,0.08299918726271827,0.03609658601616328,0.029430846081861972
2023-08-31,-0.04829820879258173,-0.039617337750755155,0.05882570101965667,-0.055800725703638365,-0.018895469250282848,-0.02531158461791272
2023-09-30,-0.028731365138342735,-0.007144694222620651,0.0,-0.025758205234732046,0.051179708749140795,0.01997008301729397
2023-10-31,-0.03262795468450708,-0.03839694074030853,-0.04671004147729019,-0.024349721815032033,-0.04530127904333081,-0.02844956791824016
2023-11-30,0.05573995856967495,0.021412615003946867,0.06339520494903939,0.03914071972134314,0.035280177411873836,0.05521870494244152
2023-12-31,0.09651651684574958,0.06593931501575812,0.060303060528301033,0.08727838829907686,0.08768201517513563,0.07938399947303942
2024-01-31,-0.144332280925479,0.031657685732508156,0.07647935584472632,0.10379313096816145,0.005944548270323979,-0.0002623471921975318
2024-02-29,-0.040443077118254345,0.023391456681157496,0.007827081587638673,0.023955173103040295,0.07315351355660415,0.011833983335188147
2024-03-31,0.03170870687320915,0.039061109640306624,-0.10505404923898765,0.017148087294977854,-0.0534297193256279,0.01565312867996771
2024-04-30,0.049865287626535526,0.05222717738569682,-0.05173391907742042,-0.012686324928937842,-0.014356511566022578,0.012449073265302424
2024-05-31,0.0075324474877211944,-0.025512843326725765,-0.009608971134331346,-0.024948858613454306,-0.039181802834131085,-0.0032802868369559146
2024-06-30,0.0994090921915971,0.07006817121137776,0.11361857474734993,0.09437919302000863,0.06352577787050206,0.06568373117304005
2024-07-31,-0.040414566370565064,0.01275429238038428,0.19243657252273816,-0.038312875080212416,0.12325351417055597,0.03917231541701116
2024-08-31,0.013089911443021851,0.011770455568728133,0.04038536125886516,0.002789877300862331,0.03840056063796404,0.011412299454817587
2024-09-30,0.05812818314797319,0.035632973127250445,-0.035036259349021104,-0.021892886530181288,-0.0626406807576173,0.022782988118133174
2024-10-31,0.0021072730237901016,0.015121759622938047,-0.06309979586610148,-0.09787847357768642,-0.07029402572991095,-0.062202524298806905
2024-11-30,0.03476989073803005,0.006074657060118005,0.05724852786224921,-0.02991636664951758,0.07620107351866112,-0.003067503721212228
2024-12-31,-0.0129172754719864,-0.014191178769586421,0.01192239669786943,-0.059394832765932715,-0.0412213130413398,-0.020152369183212504
2025-01-31,-0.04179709315868485,-0.022510026166563613,-0.00010635700631644873,0.04084908997379322,0.004298098394489802,-0.005768726574899463
2025-02-28,0.019808697226821215,-0.03887298159649799,-0.10219177181956451,-0.05137933859329569,-0.15298850240347084,-0.058859860683111886
2025-03-31,0.05529896410051949,0.11979902244396712,-0.06935470175047254,0.062494793372012136,0.03528311270903606,0.06303590285390537
2025-04-30,0.05294828323678513,0.058330571319129776,-0.04491773961831125,0.10187438389242409,-0.042274990031000326,0.03464592443705139
2025-05-31,0.010337675020292147,0.013174526158461708,0.04173053570078622,0.011316743355204606,0.002808568002146128,0.017115829300808905
2025-06-30,0.02910174038533908,0.0,0.02502086061174369,0.056091174468619664,-0.0004041988748693104,0.030962824756055607
2025-07-31,0.008343717797589356,0.024623028346687725,-0.05793485204100057,-0.07357058923778448,-0.12281916556091133,-0.029341211031532977
2025-08-31,-0.05698147001402154,-0.05643308641027178,-0.026110022805873045,-0.023737592547160236,0.01577314988592482,-0.013787757577143567
2025-09-30,-0.0006304913843320215,-0.03562744819609642,-0.018916662506563098,0.005010351512504396,-0.06363667518247629,0.007542929315341729
2025-10-31,0.038170334167159536,-0.0020029311364058167,0.028089886689154797,0.08973608828010438,0.05871766493227981,0.04514223328634981
2025-11-30,0.020561114194225683,0.032334794039361237,0.05248595034407466,0.05456133897596449,0.025997383911052996,0.01869402640831641
2025-12-31,-0.016276264168594623,-0.03305013162463033,0.03544647759343467,0.0018500953199760417,0.021896398779880588,-0.0027992883076883857
